{
    "Alaska Airlines Inc.": 0.16398003821137364,
    "Allegiant Air": 0.18943249683739813,
    "American Airlines Inc.": 0.20088460203281436,
    "American Eagle Airlines Inc.": 0.1796906963423615,
    "Atlantic Southeast Airlines": 0.2324521998810533,
    "Comair Inc.": 0.1939948018786193,
    "Delta Air Lines Inc.": 0.1463890531519869,
    "Endeavor Air Inc.": 0.17421946880942157,
    "Frontier Airlines Inc.": 0.2607410002266686,
    "Hawaiian Airlines Inc.": 0.08739288453202627,
    "JetBlue Airways": 0.2538169266955227,
    "Mesa Airlines Inc.": 0.19533753565517484,
    "Midwest Airline, Inc.": 0.1637870393879734,
    "SkyWest Airlines Inc.": 0.17836850302065685,
    "Southwest Airlines Co.": 0.20920257472967654,
    "Spirit Air Lines": 0.18846793129831413,
    "United Air Lines Inc.": 0.195575364870095
}