{
    "0001-0559": 0.07903403778606986,
    "0600-0659": 0.0691962599443292,
    "0700-0759": 0.09319047796531447,
    "0800-0859": 0.11066362239200381,
    "0900-0959": 0.13397437313946403,
    "1000-1059": 0.15208175553160264,
    "1100-1159": 0.16404215668593522,
    "1200-1259": 0.1806911022392818,
    "1300-1359": 0.19612347400724195,
    "1400-1459": 0.21899286030201554,
    "1500-1559": 0.2249233464739378,
    "1600-1659": 0.24356743887922352,
    "1700-1759": 0.2548854756459956,
    "1800-1859": 0.2709910558616942,
    "1900-1959": 0.28063631415132523,
    "2000-2059": 0.26850129888160995,
    "2100-2159": 0.2749029205785764,
    "2200-2259": 0.2400222087362971,
    "2300-2359": 0.2126738033714778
}