{
    "Adams Field": 0.16077941023236428,
    "Albany International": 0.18098842386464825,
    "Albuquerque International Sunport": 0.16612412615401034,
    "Anchorage International": 0.09811872631788872,
    "Atlanta Municipal": 0.16763474653908794,
    "Austin - Bergstrom International": 0.17758836706025286,
    "Birmingham Airport": 0.1772599332329646,
    "Boise Air Terminal": 0.12351387054161163,
    "Bradley International": 0.1568993074054342,
    "Charleston International": 0.16527777777777777,
    "Chicago Midway International": 0.26552103850985626,
    "Chicago O'Hare International": 0.22501442935690635,
    "Cincinnati/Northern Kentucky International": 0.18143037708026122,
    "Cleveland-Hopkins International": 0.1695694615700781,
    "Dallas Fort Worth Regional": 0.2211141939129188,
    "Dallas Love Field": 0.23715795367065576,
    "Des Moines Municipal": 0.14922774076317383,
    "Detroit Metro Wayne County": 0.16109358405697508,
    "Douglas Municipal": 0.19466374938699404,
    "El Paso International": 0.15888822829964327,
    "Eppley Airfield": 0.160920103977635,
    "Fort Lauderdale-Hollywood International": 0.2254860279055386,
    "Friendship International": 0.2093037494183626,
    "General Mitchell Field": 0.15930703712891756,
    "Greater Buffalo International": 0.16482719311881444,
    "Greenville-Spartanburg": 0.17345541673797707,
    "Hollywood-Burbank Midpoint": 0.1707456122490532,
    "Honolulu International": 0.10080674292594823,
    "Houston Intercontinental": 0.1926343808911891,
    "Indianapolis Muni/Weir Cook": 0.15842047760262212,
    "Jacksonville International": 0.16063561396242046,
    "James M Cox/Dayton International": 0.17205285882506868,
    "John F. Kennedy International": 0.1881043422554103,
    "Kahului Airport": 0.10701393648617774,
    "Kansas City International": 0.15942835931700075,
    "Keahole": 0.08060963791736411,
    "Kent County": 0.17315356004250798,
    "LaGuardia": 0.22694924123495552,
    "Lambert-St. Louis International": 0.21913948802149413,
    "Lihue Airport": 0.0857044515832951,
    "Logan International": 0.21298016165831235,
    "Long Beach Daugherty Field": 0.13131484946419458,
    "Los Angeles International": 0.18873538298313997,
    "Louis Armstrong New Orleans International": 0.1962367938531389,
    "McCarran International": 0.19898183162483346,
    "McGhee Tyson": 0.15884680610514415,
    "Memphis International": 0.16745866745866747,
    "Metropolitan Oakland International": 0.20442909582689336,
    "Miami International": 0.18874660018132366,
    "Minneapolis-St Paul International": 0.15227558066541116,
    "Myrtle Beach International": 0.22492608596770525,
    "Nashville International": 0.19293687155991512,
    "Newark Liberty International": 0.25447389285309774,
    "Norfolk International": 0.1777916083190706,
    "Northwest Arkansas Regional": 0.17643338954468804,
    "Ontario International": 0.15748694626915952,
    "Orange County": 0.15480443629811427,
    "Orlando International": 0.2169238003140609,
    "Palm Beach International": 0.20942944994875298,
    "Palm Springs International": 0.18789954337899542,
    "Pensacola Regional": 0.21528262386601535,
    "Philadelphia International": 0.17980694029291078,
    "Phoenix Sky Harbor International": 0.1910491552125338,
    "Piedmont Triad International": 0.16581632653061223,
    "Pittsburgh International": 0.15447957839262186,
    "Port Columbus International": 0.15478506516003518,
    "Portland International": 0.12716914281112857,
    "Portland International Jetport": 0.21658031088082902,
    "Puerto Rico International": 0.30303030303030304,
    "Raleigh-Durham International": 0.18821921606686606,
    "Reno/Tahoe International": 0.14367961533594836,
    "Richmond International": 0.1665302782324059,
    "Rochester Monroe County": 0.1712272820093935,
    "Ronald Reagan Washington National": 0.1818265487377247,
    "Sacramento International": 0.14728029327256514,
    "Salt Lake City International": 0.1359707374425744,
    "San Antonio International": 0.15301107378375015,
    "San Diego International Lindbergh Fl": 0.17189900610477368,
    "San Francisco International": 0.22006004836813692,
    "San Jose International": 0.14854486661277283,
    "Sanford NAS": 0.14702702702702702,
    "Savannah/Hilton Head International": 0.17828855412331107,
    "Seattle International": 0.1711238459089462,
    "Southwest Florida International": 0.1768400176289114,
    "Spokane International": 0.13043478260869565,
    "Standiford Field": 0.16135104046847223,
    "Stapleton International": 0.22556159191408717,
    "Syracuse Hancock International": 0.1516794217687075,
    "Tampa International": 0.18023583187042497,
    "Theodore Francis Green State": 0.16836914406481154,
    "Truax Field": 0.15872683488639933,
    "Tucson International": 0.14287593737666096,
    "Tulsa International": 0.14535186148472914,
    "Washington Dulles International": 0.15679001010008264,
    "Will Rogers World": 0.16758796640799406,
    "William P Hobby": 0.24757914537953443
}