{
    "Aberdeen Regional": 0.12078152753108348,
    "Abilene Regional": 0.15795724465558195,
    "Adak NS": 0.05,
    "Adams Field": 0.17971355699431038,
    "Agana Field": 0.17735849056603772,
    "Akron-Canton Regional": 0.18068331143232588,
    "Albany International": 0.21874275110183253,
    "Albert J Ellis": 0.13274745605920443,
    "Albuquerque International Sunport": 0.21473929507719197,
    "Alexander Hamilton": 0.22245322245322247,
    "Allen C Thompson Field": 0.1861214794706481,
    "Amarillo International": 0.19682119205298013,
    "Anchorage International": 0.1501088959624728,
    "Arcata": 0.24114441416893734,
    "Asheville Regional": 0.19273327828241124,
    "Aspen Pitkin County Sardy Field": 0.2559106830122592,
    "Atlanta Municipal": 0.1760356899883803,
    "Austin - Bergstrom International": 0.21551704454643011,
    "Austin Straubel International": 0.17147613762486127,
    "Bangor International": 0.22236233711643547,
    "Barkley Regional": 0.2738336713995943,
    "Barnstable Municipal-Boardman/Polando Field": 0.42028985507246375,
    "Baton Rouge Metropolitan/Ryan Field": 0.1584194977843427,
    "Bellingham International": 0.12337662337662338,
    "Bemidji Municipal": 0.1223021582733813,
    "Benedum": 0.20357142857142857,
    "Bert Mooney": 0.056925996204933584,
    "Bethel Airport": 0.08893709327548807,
    "Billings Logan International": 0.16050269299820466,
    "Birmingham Airport": 0.19906455956346114,
    "Bishop International": 0.17418728772440562,
    "Bismarck Municipal": 0.17582417582417584,
    "Blue Grass": 0.16280597995728602,
    "Boise Air Terminal": 0.1540382420091324,
    "Bradley International": 0.20827936376353556,
    "Brainerd/Crow Wing County": 0.11287128712871287,
    "Branson Airport": 0.2692307692307692,
    "Brownsville South Padre Island International": 0.1581798483206934,
    "Burlington International": 0.19062910524011092,
    "Bush Field": 0.14893617021276595,
    "Canyonlands Field": 0.19389978213507625,
    "Cape Girardeau Regional": 0.23076923076923078,
    "Capital": 0.19333333333333333,
    "Capital City": 0.19804088586030663,
    "Casper/Natrona County International": 0.10915934755332497,
    "Cedar City Regional": 0.09012131715771231,
    "Cedar Rapids Municipal": 0.1907569721115538,
    "Central Illinois Regional": 0.18399219131283553,
    "Central Wisconsin": 0.12149055640632976,
    "Charles M. Schulz - Sonoma County": 0.15,
    "Charleston International": 0.1888500981889592,
    "Charlotte County": 0.2150694952450622,
    "Charlottesville Albemarle": 0.19032723772858517,
    "Cherry Capital": 0.1976007997334222,
    "Cheyenne Regional/Jerry Olson Field": 0.21551724137931033,
    "Chicago Midway International": 0.2541070594727682,
    "Chicago O'Hare International": 0.2389482447620369,
    "Chicago/Rockford International": 0.21428571428571427,
    "Chisholm/Hibbing": 0.11976047904191617,
    "Cincinnati/Northern Kentucky International": 0.20023486194333204,
    "Cleveland-Hopkins International": 0.19556135770234986,
    "Columbia Metropolitan": 0.16242625368731564,
    "Columbia Regional": 0.22166874221668742,
    "Columbus Metropolitan": 0.11752360965372508,
    "Concord Regional": 0.3785488958990536,
    "Cordova Mile 13": 0.1263537906137184,
    "Corpus Christi International": 0.18912529550827423,
    "Craven County Regional": 0.1480836236933798,
    "Dallas Fort Worth Regional": 0.23504861408042238,
    "Dallas Love Field": 0.24949411331861662,
    "Dannelly Field": 0.1800862688713156,
    "Daytona Beach Regional": 0.143986683312526,
    "Deadhorse Airport": 0.03015075376884422,
    "Del Rio International": 0.1076923076923077,
    "Delta County": 0.18498659517426275,
    "Des Moines Municipal": 0.18592922585525762,
    "Detroit Metro Wayne County": 0.1807837547202841,
    "Devils Lake Regional": 0.2774869109947644,
    "Dillingham Airport": 0.030303030303030304,
    "Dothan Regional": 0.13418217433888344,
    "Douglas Municipal": 0.20577046936639562,
    "Dubuque Regional": 0.17669172932330826,
    "Duluth International": 0.19083969465648856,
    "Eagle County Regional": 0.23784977908689248,
    "East Texas Regional": 0.11560693641618497,
    "Easterwood Field": 0.1353135313531353,
    "Eau Claire Municipal": 0.21164021164021163,
    "El Paso International": 0.20963287849252762,
    "Elko Regional": 0.06923076923076923,
    "Elmira/Corning Regional": 0.1728395061728395,
    "England AFB": 0.13477684489615555,
    "Eppley Airfield": 0.20924721701752452,
    "Erie International": 0.18223760092272204,
    "Evansville Dress Regional": 0.16352897748246586,
    "Fairbanks International": 0.09541062801932366,
    "Falls International": 0.09496124031007752,
    "Fanning Field": 0.10327635327635327,
    "Fayetteville Regional/Grannis Field": 0.1647482014388489,
    "Flagstaff Pulliam": 0.10845839017735334,
    "Ford": 0.14285714285714285,
    "Fort Lauderdale-Hollywood International": 0.2576038756812721,
    "Fort Smith Regional": 0.17476923076923076,
    "Fort Wayne Municipal": 0.19233147804576375,
    "Fresno Air Terminal": 0.15146396396396397,
    "Friedman Memorial": 0.13289962825278812,
    "Friendship International": 0.22148471038900996,
    "Gainesville Regional": 0.15211640211640212,
    "Gallatin Field": 0.2010427528675704,
    "Garden City Municipal": 0.10784313725490197,
    "General Brees Field": 0.20666666666666667,
    "General Lyman Field": 0.053746770025839795,
    "General Mitchell Field": 0.21263733627596795,
    "Gillette Campbell County": 0.20869565217391303,
    "Glacier Park International": 0.1527710843373494,
    "Glynco Jetport": 0.1673052362707535,
    "Golden Triangle Regional": 0.16947250280583614,
    "Grand Forks International": 0.13270777479892762,
    "Grand Island Air Park": 0.13098591549295774,
    "Great Falls International": 0.1043338683788122,
    "Greater Binghamton/Edwin A. Link Field": 0.1683599419448476,
    "Greater Buffalo International": 0.2046161679017933,
    "Greater Peoria": 0.19126957680773077,
    "Greenbrier Valley": 0.21443298969072164,
    "Greenville-Spartanburg": 0.18439841339797267,
    "Grenier Field/Manchester Municipal": 0.18871659518310788,
    "Gulfport-Biloxi International": 0.1737766624843162,
    "Gunnison-Crested Butte Regional": 0.1796875,
    "Hagerstown Regional-Richard A. Henson Field": 0.25806451612903225,
    "Harrisburg International": 0.20004927322000493,
    "Harry S Truman": 0.23635235732009927,
    "Hattiesburg-Laurel Regional": 0.11585365853658537,
    "Hays Municipal": 0.20491803278688525,
    "Hector Field": 0.1690175699084385,
    "Helena Regional": 0.08439646712463199,
    "Hilton Head Airport": 0.18972562755399883,
    "Hollywood-Burbank Midpoint": 0.2076631295913958,
    "Honolulu International": 0.07771240291833373,
    "Houghton County Memorial": 0.269449715370019,
    "Houston Intercontinental": 0.2085417624313874,
    "Huntsville International-Carl T Jones Field": 0.16565040650406504,
    "Indianapolis Muni/Weir Cook": 0.1901379512767831,
    "Ithaca Tompkins Regional": 0.14424410540915394,
    "Jackson Hole": 0.2327614114600194,
    "Jacksonville International": 0.19865974924340682,
    "James M Cox/Dayton International": 0.1865482233502538,
    "Jamestown Regional": 0.20938628158844766,
    "Jefferson County": 0.13688760806916425,
    "Joe Foss Field": 0.18193224592220827,
    "John F. Kennedy International": 0.22438464211782838,
    "Joplin Municipal": 0.15250767656090072,
    "Joslin Field - Magic Valley Regional": 0.09574468085106383,
    "Juneau International": 0.14111261872455902,
    "Kahului Airport": 0.08403097530347425,
    "Kalamazoo/Battle Creek International": 0.16419753086419753,
    "Kanawha": 0.2009433962264151,
    "Kansas City International": 0.21118693964940452,
    "Keahole": 0.07098591549295774,
    "Kearney Regional": 0.16875,
    "Kent County": 0.1925538557602248,
    "Ketchikan International": 0.12814645308924486,
    "Key Field": 0.21415270018621974,